TDSFU Daily run: Mon Oct 27 15:34:27 UTC 2025 TDSFU
TDSFU Daily run: Tue Oct 28 04:37:49 UTC 2025 TDSFU
TDSFU Daily run: Wed Oct 29 04:42:21 UTC 2025 TDSFU
TDSFU Daily run: Thu Oct 30 04:37:10 UTC 2025 TDSFU
TDSFU Daily run: Fri Oct 31 04:39:51 UTC 2025 TDSFU
TDSFU Daily run: Sat Nov  1 04:34:12 UTC 2025 TDSFU
TDSFU Daily run: Sun Nov  2 04:37:07 UTC 2025 TDSFU
TDSFU Daily run: Mon Nov  3 04:42:58 UTC 2025 TDSFU
TDSFU Daily run: Tue Nov  4 04:37:37 UTC 2025 TDSFU
TDSFU Daily run: Wed Nov  5 04:38:04 UTC 2025 TDSFU
TDSFU Daily run: Thu Nov  6 04:42:27 UTC 2025 TDSFU
TDSFU Daily run: Fri Nov  7 04:37:21 UTC 2025 TDSFU
TDSFU Daily run: Sat Nov  8 04:35:13 UTC 2025 TDSFU
TDSFU Daily run: Sun Nov  9 04:35:43 UTC 2025 TDSFU
TDSFU Daily run: Mon Nov 10 04:41:53 UTC 2025 TDSFU
TDSFU Daily run: Tue Nov 11 04:40:13 UTC 2025 TDSFU
TDSFU Daily run: Wed Nov 12 04:40:08 UTC 2025 TDSFU
